selection_id,target_type,target_id
kugutsu,node,ningyo-shibai
kugutsu,edge,solid-kugutsu-ningyo_00000150819328343141554480000016567375307891902618_
ningyo-shibai,node,kugutsu
ningyo-shibai,edge,solid-kugutsu-ningyo_00000150819328343141554480000016567375307891902618_
shomyo,node,saimon
shomyo,edge,solid-shomyo-saimon-trunk
saimon,node,shomyo
saimon,edge,solid-shomyo-saimon-trunk
shomyo,node,hoyo-biwa
shomyo,edge,solid-shomyo-hoyo-biwa-branch
hoyo-biwa,node,shomyo
hoyo-biwa,edge,solid-shomyo-hoyo-biwa-branch
saimon,node,sekkyo
saimon,edge,solid-saimon-sekkyo-branch_00000085250988689619068510000014402988209389710754_
sekkyo,node,saimon
sekkyo,edge,solid-saimon-sekkyo-branch_00000085250988689619068510000014402988209389710754_
sekkyo,node,kojoruri
sekkyo,edge,solid-sekkyo-kojoruri_00000130613341056095620280000009078464850619968660_
kojoruri,node,sekkyo
kojoruri,edge,solid-sekkyo-kojoruri_00000130613341056095620280000009078464850619968660_
kojoruri,node,ningyo-shibai
kojoruri,edge,solid-kojoruri-ningyo_00000181799436925243517100000003299086260954725265_
ningyo-shibai,node,kojoruri
ningyo-shibai,edge,solid-kojoruri-ningyo_00000181799436925243517100000003299086260954725265_
kojoruri,node,itchubushi
kojoruri,edge,solid-kojoruri-itchu_00000072958492518187395970000004697229189273187976_
itchubushi,node,kojoruri
itchubushi,edge,solid-kojoruri-itchu_00000072958492518187395970000004697229189273187976_
kojoruri,node,katobushi
kojoruri,edge,solid-kojoruri-kato-branch_00000044894182976342404840000006596340507936790935_
katobushi,node,kojoruri
katobushi,edge,solid-kojoruri-kato-branch_00000044894182976342404840000006596340507936790935_
kojoruri,node,gidayu
kojoruri,edge,solid-kojoruri-gidayu
gidayu,node,kojoruri
gidayu,edge,solid-kojoruri-gidayu
kojoruri,edge,solid-kojoruri-gidayu-arrow
gidayu,edge,solid-kojoruri-gidayu-arrow
itchubushi,node,bungobushi
itchubushi,edge,solid-itchu-bungo_00000142890486133142828720000001832541595721296561_
bungobushi,node,itchubushi
bungobushi,edge,solid-itchu-bungo_00000142890486133142828720000001832541595721296561_
bungobushi,node,tomimoto
bungobushi,edge,solid-bungo-tomimoto_00000177442279093010753690000006978944729863753114_
tomimoto,node,bungobushi
tomimoto,edge,solid-bungo-tomimoto_00000177442279093010753690000006978944729863753114_
bungobushi,node,miyazono
bungobushi,edge,solid-bungo-miyazono_00000170276600689979252800000002790374273150644664_
miyazono,node,bungobushi
miyazono,edge,solid-bungo-miyazono_00000170276600689979252800000002790374273150644664_
bungobushi,node,shinnai
bungobushi,edge,solid-bungo-shinnai-branch_00000014617631609901503570000009445126770650709376_
shinnai,node,bungobushi
shinnai,edge,solid-bungo-shinnai-branch_00000014617631609901503570000009445126770650709376_
tomimoto,node,tokiwazu
tomimoto,edge,solid-tomimoto-tokiwazu-branch_00000062905677120708083190000009390888136786768011_
tokiwazu,node,tomimoto
tokiwazu,edge,solid-tomimoto-tokiwazu-branch_00000062905677120708083190000009390888136786768011_
tomimoto,node,kiyomoto
tomimoto,edge,solid-tomimoto-kiyomoto_00000160178968906739763240000003744999371461908868_
kiyomoto,node,tomimoto
kiyomoto,edge,solid-tomimoto-kiyomoto_00000160178968906739763240000003744999371461908868_
gidayu,node,takemoto
gidayu,edge,dash-gidayu-takemoto-branch
takemoto,node,gidayu
takemoto,edge,dash-gidayu-takemoto-branch
gidayu,node,bunraku
gidayu,edge,solid-gidayu-bunraku-junction
bunraku,node,gidayu
bunraku,edge,solid-gidayu-bunraku-junction
ningyo-shibai,node,bunraku
ningyo-shibai,edge,solid-ningyo-bunraku_00000092439052582089240650000016842956588754598561_
bunraku,node,ningyo-shibai
bunraku,edge,solid-ningyo-bunraku_00000092439052582089240650000016842956588754598561_
saimon,node,kadotsuke-saimon
saimon,edge,solid-saimon-kadotsuke_00000057129731528644609840000013804999464984529832_
kadotsuke-saimon,node,saimon
kadotsuke-saimon,edge,solid-saimon-kadotsuke_00000057129731528644609840000013804999464984529832_
kadotsuke-saimon,node,rokyoku
kadotsuke-saimon,edge,solid-kadotsuke-rokyoku
rokyoku,node,kadotsuke-saimon
rokyoku,edge,solid-kadotsuke-rokyoku
hoyo-biwa,node,monogatari-biwa
hoyo-biwa,edge,solid-hoyo-monogatari_00000128468172799264078140000010496286142249809320_
monogatari-biwa,node,hoyo-biwa
monogatari-biwa,edge,solid-hoyo-monogatari_00000128468172799264078140000010496286142249809320_
monogatari-biwa,node,heike-biwa
monogatari-biwa,edge,solid-monogatari-heike_00000021814224305732479130000014716452944981872808_
heike-biwa,node,monogatari-biwa
heike-biwa,edge,solid-monogatari-heike_00000021814224305732479130000014716452944981872808_
