node_id,service,video_id,url
shomyo,youtube,hB6D4boGX-I,https://youtu.be/hB6D4boGX-I
hoyo-biwa,youtube,HOxcY888bFg,https://www.youtube.com/watch?v=HOxcY888bFg
monogatari-biwa,youtube,TGgFgYp4I7w,https://www.youtube.com/watch?v=TGgFgYp4I7w
heike-biwa,youtube,OakvzwFZu0w,https://www.youtube.com/watch?v=OakvzwFZu0w
koshiki,youtube,73rDAVKPm_g,https://www.youtube.com/watch?v=73rDAVKPm_g
saimon,youtube,QpgG6MWzJPI,https://www.youtube.com/watch?v=QpgG6MWzJPI
sekkyo,youtube,AOcszkvTZ6c,https://www.youtube.com/watch?v=AOcszkvTZ6c
sekkyo-bushi,youtube,cPgFwYmu6MM,https://www.youtube.com/watch?v=cPgFwYmu6MM
kadotsuke-saimon,youtube,QpgG6MWzJPI,https://www.youtube.com/watch?v=QpgG6MWzJPI
rokyoku,youtube,UJE7YYShCNM,https://www.youtube.com/watch?v=UJE7YYShCNM
kojoruri,youtube,7whaZ3lI3zQ,https://www.youtube.com/watch?v=7whaZ3lI3zQ
itchubushi,youtube,Y-SCb4sRJJ8,https://www.youtube.com/watch?v=Y-SCb4sRJJ8
tokiwazu,youtube,K6sF24ef0R4,https://www.youtube.com/watch?v=K6sF24ef0R4
kiyomoto,youtube,Gj0pGV4ugq8,https://www.youtube.com/watch?v=Gj0pGV4ugq8
shinnai,youtube,LXr4_vFvnUA,https://www.youtube.com/watch?v=LXr4_vFvnUA
miyazono,youtube,aY4tVUV3TdQ,https://www.youtube.com/watch?v=aY4tVUV3TdQ
katobushi,youtube,Znm06U_7WEk,https://www.youtube.com/watch?v=Znm06U_7WEk
gidayu,youtube,BY-jRqf5D3k,https://www.youtube.com/watch?v=BY-jRqf5D3k
takemoto,youtube,Jbp6tq60oEo,https://www.youtube.com/watch?v=Jbp6tq60oEo
kugutsu,youtube,t-6F-KK0a1c,https://www.youtube.com/watch?v=t-6F-KK0a1c
ningyo-shibai,youtube,2hyfmLnO-Ig,https://www.youtube.com/watch?v=2hyfmLnO-Ig
bunraku,youtube,BY-jRqf5D3k,https://www.youtube.com/watch?v=BY-jRqf5D3k
nagauta,youtube,St6mOntdlpo,https://www.youtube.com/watch?v=St6mOntdlpo
