id,name,period,summary,data_id
shomyo,声明,古代〜,僧侶が経典や讃文を、旋律や独特の節回しで唱える仏教音楽。日本では古代から伝承され、講式や説教などを通じて、後世の平家琵琶や浄瑠璃など語り物の形成にも影響を与えた。,
hoyo-biwa,法要琵琶,古代〜中世,寺院の法要や祈祷などで用いられた琵琶の系統。盲僧による読経や祈祷にも琵琶が伴い、宗教的な唱えと楽器演奏が結びついた。系譜図では、物語を語る琵琶芸能へつながる位置に置いている。,
monogatari-biwa,物語琵琶,中世〜,琵琶を伴奏に物語を語る芸能を示す系譜上の区分。宗教的な琵琶の用法から、物語性の強い語りへ展開していく流れを表し、代表的な完成形の一つとして平家物語を語る平曲・平家琵琶へつながる。,
heike-biwa,平家琵琶,鎌倉時代〜,琵琶を伴い『平家物語』を語る平曲の芸能。琵琶法師によって伝承され、語りと旋律、琵琶の音を組み合わせて物語世界を表現する。中世を代表する語り物の一つとして後世の芸能文化にも大きな影響を与えた。,
koshiki,講式,平安時代中期〜,仏や高僧の徳、教義などを一定の形式で説く仏教儀礼の声明。節を伴って文章を語る性格が強く、単なる読経とは異なる豊かな語りの表現を持つ。中世の語り物形成を考えるうえで重要な仏教声楽の一つ。,
saimon,祭文,中世〜,神仏への祈願や祭礼に関わる詞章を唱えることから発達した芸能。宗教的な唱えから物語性を強め、近世には門付や大道の語りとしても展開した。系譜図では説教や門付祭文へつながる位置に置いている。,
sekkyo,説教,中世〜,僧侶が仏教の教えを人々に分かりやすく説く語り。中世には抑揚や節を伴う説教が発達し、後世の語り物にも影響した。参考動画では、その伝統を伝える節談説教を紹介する。,
sekkyo-bushi,説経節（説経）,17世紀〜,中世の説経の流れを背景に、近世に芸能として展開した語り物。物語を節にのせて語り、のちには三味線も用いられた。『小栗判官』『山椒太夫』などで知られ、近代にも説経師によって伝承された。,
kadotsuke-saimon,門付祭文,近世〜,祭文が門付芸として展開した形。家々や人の集まる場所を巡り、節を付けて物語などを語った。デロレン祭文や貝祭文など各地の芸態とも関わり、近代の浪花節・浪曲成立を考えるうえで重要な系統。,
rokyoku,浪花節・浪曲,幕末〜明治初期,幕末に説経節や貝祭文など複数の語り芸を取り込み成立した芸能。三味線を伴い、節と歯切れのよい啖呵で物語を語る。浪花節として広まり、明治以降に大衆芸能として大きく発展した。,
kojoruri,古浄瑠璃,17世紀前半〜,義太夫節成立以前の浄瑠璃諸流を広く指す呼称。三味線を伴う語り物として各地で展開し、説経系の芸能も含みながら多様な節を生んだ。のちの義太夫節や一中節など近世浄瑠璃の基盤となった。,
itchubushi,一中節,17世紀後半〜,初代都太夫一中が創始した浄瑠璃。義太夫節とは異なる繊細で優美な表現を発達させ、上方から江戸へ広まった。江戸浄瑠璃の重要な流れとなり、門下から豊後節が生まれて多くの派生流派へつながった。,
bungobushi,豊後節,18世紀前半〜,一中節から出た宮古路豊後掾が創始した浄瑠璃。柔らかく艶のある情緒的な語りで江戸に大流行したが、1739年に禁令を受けた。その芸風は常磐津節・富本節・新内節など豊後系浄瑠璃へ受け継がれた。,
tomimoto,富本節,18世紀中頃〜,初代富本豊前掾が18世紀中頃に興した豊後系浄瑠璃。艶麗で品格のある曲調で江戸歌舞伎の出語りとして流行した。のちに清元節が分かれて人気を得ると衰退し、現在は伝承曲が限られている。,
tokiwazu,常磐津節,18世紀中頃〜,豊後系浄瑠璃から成立し、江戸歌舞伎と結びついて発展した浄瑠璃。語りの力強さと音楽的な華やかさをあわせ持ち、舞踊劇の伴奏として多くの名曲を生んだ。現在も歌舞伎や日本舞踊で広く演奏される。,
kiyomoto,清元節,19世紀初頭〜,1814年に初代清元延寿太夫が富本節から独立して創始した浄瑠璃。高音を生かした艶やかで軽妙な曲調を特徴とし、歌舞伎舞踊と結びついて発展した。語り物でありながら歌う要素も強い。,
shinnai,新内節,18世紀中頃〜,豊後系浄瑠璃から生まれた語り物。哀調を帯びた節回しで心中物や遊里の物語などを情感豊かに語る。座敷での演奏に加え、二挺の三味線で街を歩く「新内流し」によって江戸の町にも広まった。,
miyazono,宮薗節,18世紀中頃〜,豊後系の流れをくむ古曲の一つ。低い調子の三味線と、しっとりとした繊細な語りを特色とし、心中物などを多く伝える。『鳥辺山』『桂川』『夕霧』などが代表曲として知られ、現在も少数ながら継承される。,
katobushi,河東節,18世紀前半〜,江戸で成立した浄瑠璃の一流派。豪快さと格調を備えた語りで歌舞伎と結びつき、とくに『助六所縁江戸桜』の音楽として知られる。現在は演奏機会が限られるが、江戸浄瑠璃の古曲として伝承されている。,
gidayu,義太夫節,17世紀後半〜,17世紀後半、竹本義太夫がそれまでの浄瑠璃を集大成して大成した語り物。太夫が人物の台詞や情景を語り、太棹三味線が支える。現在は文楽の中心的な音楽で、歌舞伎では「竹本」として演奏される。,
takemoto,竹本,17世紀後半〜,歌舞伎で演奏される義太夫節を「竹本」と呼ぶ。太夫と太棹三味線が、人物の心情や場面の情景を力強く語り、義太夫狂言などで芝居を支える。名称は竹本義太夫と竹本座に由来する。,
kugutsu,傀儡,古代〜中世,人形を操って各地を巡った芸能者や、その人形芸を指す古い呼称。中世には寺社や市などでさまざまな人形芸が行われ、えびすかきなどの伝承にもつながった。日本の人形芝居の源流を考える重要な存在。,
ningyo-shibai,人形芝居,近世〜,人形を操って物語を演じる芸能の総称。近世には浄瑠璃と結びついた人形浄瑠璃が各地へ広まり、一人遣いなど地域ごとの形も残った。大阪で発達した系統は、のちの文楽へ受け継がれていく。,
bunraku,文楽,19世紀〜,義太夫節の語りと三味線、人形遣いが一体となる人形浄瑠璃の代表的な舞台芸術。近世以来の人形浄瑠璃を受け継ぎ、19世紀以降「文楽」の名で広く知られるようになった。現在はユネスコ無形文化遺産でもある。,
nagauta,長唄,17世紀後半〜,歌舞伎の発展とともに江戸で成立した三味線音楽。唄と三味線を中心に、囃子も加わって舞踊や芝居を華やかに彩る。浄瑠璃のように物語を語ることを中心とする「語り物」とは異なり、基本的には「唄物」に分類される。,
kojoruri-sekkyo,,,,sekkyo-bushi
